aa,aaa,aaa,gAAAAABm6bRYx7osjV-TYoJu6nLgBjMAY37goSDsVZq57cHA9sC1ZorJOV6_cLnQ3ZoHRZTvZioXJftf2sIcekQizccligAd9A==,2e984
aa,aaa,aaa,gAAAAABm6bTNpBrIitgvvvtLRj3loZDBapEQaGkdsfHIpRVfVtxnz8DJo6orw7oS6-93dNSu9XHSC5OcbYiG-PZJGJlAQypWhQ==,4a872
aa,aaaaa,aaaa,gAAAAABm6bTReFKaGvQcrYiTIToL8-Fu0T2UZrVj0_USWM-AuklUqUOfRZg-DnNHIZPH-Dm1YVK423TGRFDT82Inn3ibq8ZO_A==,45d43
aa,aaa,aaa,gAAAAABm6bVxRTGSE-7roNLjUDelrZ84_kcM3dWzEibvniAiPfikBYhvoAGU27NhLSgtIZ98siCqIMOK4tX7MWMBMREBZVBuhA==,59291
aa,aaa,aaa,gAAAAABm6bV0q2DJfR_3F44Z6JCdZTgJzqS6FxlR1Yv9Tk3oITiM7CpJmiZBSAbbcLLAHBDTiXRYxwMmeEHNHSbxhTZ9iJlZaQ==,9bf7c
aa,aa,aa,gAAAAABm6bV2ERrDndjyGRjeDxi-lBq1ASYpBFOdFWTa4ZRdsTGpXdQFra4ud1OFHtxoJE6kl-uqJHnuZfbVRWNPGMw-jAlvSg==,418fb
aa,a,a,gAAAAABm6bV4UDnKLywfvKZgqiQ1L4I0g1tAchCjAd9JUmApN_tbrqMZd-XLFe8djbrQNbRC1HpZ5iVE-Z9qoNDXrbKM_qQQdA==,317c3
aa,a,a,gAAAAABm6bV6YGwarIYA1qnOFuTRUONZHxg-JN3IiJYAiqlI5Hz9sXQpCDPl1uFEts2J_aYmoryykxXQZZOMiCyBSBjZd7iNyQ==,04cfe
aa,a,a,gAAAAABm6bV8zDURsJlbftgnEQzDLvzWd0rmqy09KRWfz-epHa2br9neXT8b7johT6uPXGt3fWjTgrlOMABYUxvsguoNkarUCg==,a3f6f
aa,a,a,gAAAAABm6bV_MbkaV2bV0w4h_3O66nomxuu6ELFgWTQdrdNjormnK8QZtHf5fAeJYCb3pcOV6USl1-5wBSL42mW4Slp_rqCb6A==,00e5b
aa,a,a,gAAAAABm6bWB5YRPHTQD8Kl4Nv0fkwpDlDMdQTQbpvU26lQlTULvZ1yRUcIrnEipDIlVkApJHAd4YEn9VvcCvCkVplIqWW9IFw==,3fe74
